station_id,easting_m,northing_m,height_initial_m,delta_e_m,delta_n_m,delta_u_m,horizontal_magnitude_m,azimuth_deg,rtk_e_cm_day,rtk_n_cm_day,rtk_u_cm_day,insar_pre_e_cm_day,insar_pre_e_cm_day_window_std,insar_pre_e_cm_day_valid_pixels,insar_event_e_cm_day,insar_event_e_cm_day_window_std,insar_event_e_cm_day_valid_pixels,insar_pre_u_cm_day,insar_pre_u_cm_day_window_std,insar_pre_u_cm_day_valid_pixels,insar_event_u_cm_day,insar_event_u_cm_day_window_std,insar_event_u_cm_day_valid_pixels,grid_row,grid_column,grid_center_easting_m,grid_center_northing_m,station_to_grid_center_m
1,444302.8640000000,1942836.3430000001,1327.5120000000,-0.0090000000,-0.0280000002,-0.0600000000,0.0294108825,197.8188888528,-0.0024657534,-0.0076712329,-0.0164383562,0.1685061138,0.1429175973,25,0.5711174591,0.2737128106,25,-0.0882127740,0.0798595056,25,0.3321756113,0.1866161019,25,44,25,444310.0000000000,1942835.0000000000,7.2612770916
2,444311.9150000000,1942826.1180000000,1327.1850000000,0.4650000000,0.0020000001,-0.2560000000,0.4650043011,89.7535680476,0.1273972603,0.0005479452,-0.0701369863,0.1685061138,0.1429175973,25,0.5711174591,0.2737128106,25,-0.0882127740,0.0798595056,25,0.3321756113,0.1866161019,25,44,25,444310.0000000000,1942835.0000000000,9.0860964666
3,444294.5480000000,1942880.3370000001,1329.4120000000,0.4240000000,-0.0710000000,-0.1250000000,0.4299034775,99.5061430629,0.1161643836,-0.0194520548,-0.0342465753,0.1131849023,0.1454089127,25,0.6042435068,0.1439368627,25,-0.0494455177,0.0707911974,25,0.2834573173,0.0853196097,25,42,24,444290.0000000000,1942875.0000000000,7.0119806760
4,444300.9340000000,1942851.7709999999,1327.4970000000,0.0250000000,-0.0119999999,0.0040000000,0.0277308492,115.6410056161,0.0068493151,-0.0032876712,0.0010958904,0.1501378871,0.1573680894,25,0.6214694747,0.2128500511,25,-0.0707927207,0.0844450444,25,0.2910812971,0.1409032669,25,43,25,444310.0000000000,1942855.0000000000,9.6238660111
5,444390.6890000000,1942720.4320000000,1316.1520000000,0.0050000000,-0.0120000001,0.0240000000,0.0130000001,157.3801352098,0.0013698630,-0.0032876713,0.0065753425,0.0714593626,0.1375141182,25,0.5849365971,0.1398908503,25,-0.0385087025,0.0784676666,25,0.2655966548,0.0895690667,25,50,29,444390.0000000000,1942715.0000000000,5.4755223495
6,444436.0570000000,1942639.9950000001,1318.2370000000,0.4150000000,0.2670000000,-0.3340000000,0.4934713771,57.2438450410,0.1136986301,0.0731506849,-0.0915068493,0.1424307461,0.1774407873,25,0.6497628459,0.1798358732,25,-0.0651160445,0.0774280146,25,0.2506399151,0.0978516233,25,54,31,444430.0000000000,1942635.0000000000,7.8509409628
9,444522.4470000000,1942535.9350000001,1324.4860000000,0.4610000000,0.1020000000,-0.2360000000,0.4721493408,77.5238417459,0.1263013699,0.0279452055,-0.0646575342,0.1797202185,0.2299984114,25,0.6664413177,0.2059414028,25,-0.1001647333,0.0918759442,25,0.2226881583,0.0863410059,25,59,36,444530.0000000000,1942535.0000000000,7.6106526659
10,444507.3440000000,1942529.9069999999,1328.2410000000,0.0450000000,-0.0510000000,0.0500000000,0.0680147043,138.5763343361,0.0123287671,-0.0139726027,0.0136986301,0.1916606223,0.2020765907,25,0.6856734817,0.2052943523,25,-0.1053085426,0.0859244195,25,0.2211493479,0.0912068759,25,59,35,444510.0000000000,1942535.0000000000,5.7439520368
11,444453.5020000000,1942509.4839999999,1335.5270000000,0.3530000000,0.2720000001,-0.2020000000,0.4456377453,52.3843735365,0.0967123288,0.0745205480,-0.0553424658,0.1409336460,0.1809793677,24,0.6397219281,0.1922421016,25,-0.0876281950,0.0797012042,24,0.2704308564,0.1077728993,25,60,32,444450.0000000000,1942515.0000000000,6.5337783862
12,444428.2590000000,1942499.4509999999,1339.2930000000,0.2680000000,0.2620000001,-0.2690000000,0.3747906083,45.6486037455,0.0734246575,0.0717808219,-0.0736986301,0.0793539503,0.1284590878,24,0.5689828163,0.1502806857,25,-0.0597927685,0.0584735898,24,0.3104627740,0.0911451724,25,61,31,444430.0000000000,1942495.0000000000,4.7793809221
14,444884.8010000000,1942990.4800000000,1257.9560000000,0.0120000000,0.0109999999,-0.1060000000,0.0162788206,47.4895531863,0.0032876712,0.0030136986,-0.0290410959,0.0912995502,0.1580569780,25,0.4182042343,0.1483730681,25,0.0204666971,0.0552228224,25,0.2204516336,0.0425913196,25,36,54,444890.0000000000,1942995.0000000000,6.8891219325
15,444868.7340000000,1943024.7690000001,1260.0500000000,0.0950000000,0.0459999999,-0.0020000000,0.1055509355,64.1632458532,0.0260273973,0.0126027397,-0.0005479452,0.1027194064,0.1454523790,25,0.4440098357,0.1508231318,25,0.0051683345,0.0605168434,25,0.2208192858,0.0414658081,25,35,53,444870.0000000000,1943015.0000000000,9.8506911941
16,444937.8610000000,1942942.9630000000,1255.3460000000,0.0430000000,0.0040000000,0.0080000000,0.0431856458,84.6854543873,0.0117808219,0.0010958904,0.0021917808,0.0991482970,0.1658655792,25,0.3634351111,0.1357771295,25,0.0239807847,0.0654651137,25,0.2146800073,0.0492628141,25,39,56,444930.0000000000,1942935.0000000000,11.1894901582
17,444826.9590000000,1942664.3189999999,1279.8210000000,0.9350000000,0.8840000001,-0.0280000000,1.2867326840,46.6060029867,0.2561643836,0.2421917808,-0.0076712329,0.4784474219,0.5043886204,24,0.8148094747,0.3928882289,25,0.0868874270,0.1976609821,24,0.2245442458,0.1060719043,25,53,51,444830.0000000000,1942655.0000000000,9.8026242404
19,444856.1330000000,1942718.1529999999,1272.5560000000,0.9860000000,0.9390000000,-0.0240000000,1.3615862074,46.3986320682,0.2701369863,0.2572602740,-0.0065753425,0.7619426814,0.4375452985,23,0.8784417541,0.3558536267,25,0.0620670429,0.1200350623,23,0.2167108368,0.0859409455,25,50,52,444850.0000000000,1942715.0000000000,6.8960204466
20,444868.7480000000,1942733.9439999999,1271.9060000000,0.8970000000,1.0280000002,-0.0400000000,1.3643287728,41.1069128971,0.2457534247,0.2816438357,-0.0109589041,0.6153522746,0.3742341822,24,0.7551455066,0.2994740263,25,0.0500249479,0.1063320175,24,0.2111189075,0.0550515512,25,49,53,444870.0000000000,1942735.0000000000,1.6378766743
21,444320.9220000000,1942786.7460000000,1328.1220000000,0.5260000000,0.0680000000,-0.2020000000,0.5303772242,82.6337961093,0.1441095890,0.0186301370,-0.0553424658,0.1774652327,0.1248995703,25,0.5674850684,0.2818174761,25,-0.1040606722,0.0604095727,25,0.3183927280,0.1928114881,25,46,26,444330.0000000000,1942795.0000000000,12.2694172640
23,444929.6910000000,1943296.4870000000,1262.3750000000,-0.0150000000,0.0000000000,0.0010000000,0.0150000000,270.0000000000,-0.0041095890,0.0000000000,0.0002739726,-0.0372391225,0.0577621732,25,0.2391557210,0.0366584190,25,0.0038610018,0.0367825197,25,0.1679884951,0.0291548502,25,21,56,444930.0000000000,1943295.0000000000,1.5187659464
24,444759.6170000000,1943183.1690000000,1275.3200000000,0.2560000000,0.0440000000,0.0400000000,0.2597537295,80.2475750593,0.0701369863,0.0120547945,0.0109589041,0.0649887764,0.1485602871,25,0.5372930918,0.1491395510,24,0.0000031033,0.0680282238,25,0.2058266744,0.0396113695,24,27,47,444750.0000000000,1943175.0000000000,12.6182110460
25,444813.6800000000,1942973.9860000000,1266.7960000000,0.4760000000,0.1150000000,-0.1990000000,0.4896948029,76.4177997643,0.1304109589,0.0315068493,-0.0545205479,0.3695316231,0.0933834630,25,0.7686685271,0.1364892581,25,-0.0193502851,0.0441717462,25,0.1848865469,0.0337052091,25,37,50,444810.0000000000,1942975.0000000000,3.8171450064
26,445022.3890000000,1943061.7770000000,1256.7920000000,0.0270000000,-0.0530000001,-0.0030000000,0.0594810895,153.0041616361,0.0073972603,-0.0145205480,-0.0008219178,-0.0362325700,0.0574779708,25,0.2353190311,0.0409788857,25,-0.0165358339,0.0309488972,25,0.1601815179,0.0382213027,25,33,61,445030.0000000000,1943055.0000000000,10.1909297907
27,444893.8040000000,1942923.9739999999,1257.9850000000,0.4020000000,0.2700000000,0.0310000000,0.4842561306,56.1130405342,0.1101369863,0.0739726027,0.0084931507,0.3006370427,0.1723342882,25,0.5472332885,0.1538286627,25,0.0653571299,0.0601564135,25,0.2323852544,0.0419785742,25,40,54,444890.0000000000,1942915.0000000000,9.7469529597
29,444893.1750000000,1942928.9530000000,1257.9880000000,0.4030000000,0.2630000000,0.1640000000,0.4812255189,56.8713140737,0.1104109589,0.0720547945,0.0449315068,0.2594465732,0.1755379384,25,0.5080114524,0.1445458112,25,0.0523568748,0.0563262879,25,0.2295709239,0.0435768805,25,39,54,444890.0000000000,1942935.0000000000,6.8298487538
30,444909.9550000000,1942919.0970000001,1263.9740000000,0.3760000000,0.2609999999,0.0210000000,0.4577084224,55.2335929506,0.1030136986,0.0715068493,0.0057534247,0.2162364435,0.1967609387,25,0.4611584720,0.1726356707,25,0.0433313386,0.0623354850,25,0.2251817150,0.0456265190,25,40,55,444910.0000000000,1942915.0000000000,4.0972471247
31,444911.0160000000,1942910.7039999999,1264.0760000000,0.4410000000,0.2940000000,0.0400000000,0.5300160375,56.3099324740,0.1208219178,0.0805479452,0.0109589041,0.2162364435,0.1967609387,25,0.4611584720,0.1726356707,25,0.0433313386,0.0623354850,25,0.2251817150,0.0456265190,25,40,55,444910.0000000000,1942915.0000000000,4.4145069941
32,444887.5740000000,1942907.6930000000,1264.2050000000,0.4250000000,0.2430000000,0.0680000000,0.4895651131,60.2406024153,0.1164383562,0.0665753425,0.0186301370,0.3006370427,0.1723342882,25,0.5472332885,0.1538286627,25,0.0653571299,0.0601564135,25,0.2323852544,0.0419785742,25,40,54,444890.0000000000,1942915.0000000000,7.6992028808
33,444886.4310000000,1942916.0889999999,1264.2150000000,0.3760000000,0.2350000001,0.0230000000,0.4433971133,57.9946167800,0.1030136986,0.0643835617,0.0063013699,0.3006370427,0.1723342882,25,0.5472332885,0.1538286627,25,0.0653571299,0.0601564135,25,0.2323852544,0.0419785742,25,40,54,444890.0000000000,1942915.0000000000,3.7314450284
34,445146.2310000000,1942787.1390000000,1253.3900000000,0.0360000000,0.1220000000,0.0150000000,0.1272006289,16.4403795093,0.0098630137,0.0334246575,0.0041095890,-0.0076639429,0.0633683438,25,0.2201622820,0.0656955923,25,-0.0373529057,0.0520209827,25,0.1709563660,0.0498022698,25,46,67,445150.0000000000,1942795.0000000000,8.7178370024
35,444982.9440000000,1942732.3070000000,1271.6990000000,0.0370000000,-0.0130000000,-0.0180000000,0.0392173431,109.3589942191,0.0101369863,-0.0035616438,-0.0049315068,-0.0920818102,0.2382660518,25,0.2911785404,0.0864890531,25,0.0344195677,0.1976495059,25,0.1992763660,0.0593392245,25,49,59,444990.0000000000,1942735.0000000000,7.5524423202
37,444883.3880000000,1942509.3160000001,1289.0060000000,0.0440000000,-0.1260000002,-0.0240000000,0.1334616051,160.7504741528,0.0120547945,-0.0345205480,-0.0065753425,-0.0216277206,0.0584775024,25,0.3388924339,0.0571112903,25,-0.0357197789,0.0406153075,25,0.2355218249,0.0461122378,25,60,54,444890.0000000000,1942515.0000000000,8.7193118994
39,444310.0320000000,1942325.0170000000,1377.1520000000,-0.1330000000,0.0930000001,0.0000000000,0.1622898642,304.9630975716,-0.0364383562,0.0254794521,0.0000000000,-0.0346247549,0.1030258610,25,0.5254838325,0.0538003448,25,-0.0277467737,0.0626449550,25,0.3685931034,0.0434954318,25,69,25,444310.0000000000,1942335.0000000000,9.9830512871
40,444883.9250000000,1942792.0279999999,1266.7240000000,1.1340000000,0.9620000001,-0.0420000000,1.4870776712,49.6912414380,0.3106849315,0.2635616439,-0.0115068493,0.7089134991,0.2740364945,24,0.7842758547,0.1967354984,24,0.0090761907,0.1433914974,24,0.1934918044,0.0705871737,24,46,54,444890.0000000000,1942795.0000000000,6.7630177436
41,444411.5600000000,1943026.2479999999,1312.2710000000,-0.0810000000,0.0200000000,0.0020000000,0.0834326075,283.8696864500,-0.0221917808,0.0054794521,0.0005479452,0.0497669189,0.0852499335,25,0.5036000300,0.1395403495,25,-0.0297040277,0.0767087100,25,0.2771581191,0.0783690705,25,34,30,444410.0000000000,1943035.0000000000,8.8899439819
42,444724.1040000000,1943065.1760000000,1277.0070000000,0.6330000000,0.1030000001,0.1170000000,0.6413251906,80.7579885886,0.1734246575,0.0282191781,0.0320547945,0.2947914949,0.0777779448,24,0.7599029485,0.1008310446,24,0.0023299798,0.0431990149,24,0.2156480776,0.0458000824,24,32,46,444730.0000000000,1943075.0000000000,11.4574775584
43,444480.6790000000,1943480.1529999999,1298.9830000000,0.1390000000,0.0300000000,0.1950000000,0.1422005626,77.8208189386,0.0380821918,0.0082191781,0.0534246575,-0.0121845141,0.0562649009,25,0.3652800160,0.0345968552,25,-0.0179778070,0.0522246827,25,0.2579057401,0.0459908647,25,12,34,444490.0000000000,1943475.0000000000,10.6505610181
44,444212.0590000000,1943469.0370000000,1330.1570000000,0.0870000000,0.0989999999,-0.0130000000,0.1317952958,41.3086140337,0.0238356164,0.0271232877,-0.0035616438,0.0050558753,0.0326498797,25,0.4387382860,0.0459771636,25,-0.0327281884,0.0402809415,25,0.2988114096,0.0276615385,25,12,20,444210.0000000000,1943475.0000000000,6.3084744590
45,444091.4430000000,1943325.6150000000,1351.5100000000,-0.1090000001,-0.1410000001,0.0790000000,0.1782189665,217.7058036933,-0.0298630137,-0.0386301370,0.0216438356,-0.0237898777,0.0946576343,25,0.4622097812,0.0715248954,25,0.0195124602,0.0640368993,25,0.3327368523,0.0545645700,25,19,14,444090.0000000000,1943335.0000000000,9.4952869362
46,444532.0920000000,1942680.9690000000,1315.5600000000,0.7810000000,0.2050000001,-0.1210000000,0.8074565004,75.2925540094,0.2139726027,0.0561643836,-0.0331506849,0.4033861109,0.0925783002,25,0.9137634108,0.0797209067,25,-0.0736911079,0.0741555049,25,0.2280571106,0.0399083335,25,52,36,444530.0000000000,1942675.0000000000,6.3249841897
